Parameter,JS320,JS220,JS110
sensor_power,ignored,ignored,ignored
source,ignored,ignored,ignored
i_range,✔,✔,✔
v_range,"15V,5V→15V,2V","15V,5V→15V,2V",✔
ovr_to_lsb,❌,❌,❌
io_voltage,ignored; use Vref,ignored; use Vref,✔
gpo0,✔,✔,✔
gpo1,✔,✔,✔
current_lsb,enables gpi0,enables gpi0,✔
voltage_lsb,enables gpi1,enables gpi1,✔
current_ranging_type,ignored,ignored,✔
current_ranging_samples_pre,ignored,ignored,✔
current_ranging_samples_window,ignored,ignored,✔
current_ranging_samples_post,ignored,ignored,✔
buffer_duration,✔,✔,✔
reduction_frequency,✔,✔,✔
sampling_frequency,"≤1 MHz; no 500 kHz; 2 MHz→1 MHz","≤1 MHz; 2 MHz→1 MHz",✔
signals,"✔ (1.6+) incl 2,3,T","✔ (1.6+) incl 2,3,T; ≤7 with r","✔ (1.6+) i,v,p,r,0,1"
